Kategorija,Tekstas
Lietuvoje,"Gyventojai pakliuvo į neregėtą situaciją: dėl smarvės kvapas geriasi į drabužius, namus, net ir automobilius"
Verslas,Nuo kitų metų didėja kelių mokesčiai: ar dėl to brangs autobusų bilietai?
Sveikata,Lietuvoje bręsta svarbios permainos: medikai įspėja apie pasekmes
Užsienyje,Pagrindinis „Rusijos gynėjas“ Kinijoje traukiasi iš pareigų
Krepšinis,"Rungtynėse Kaune į aikštę tikrai žengs Valančiūnas, žais ir kiti rinktinės vedliai"
Verslas,Baigėsi kompensacijų pinigai – dingo noras atsisakyti seno automobilio
Maistas,"Suveiks kaip organizmo šluota: šie 2 produktai išvalys organizmą nuo jame susikaupusių toksinų ir šlakų – pasakė, kokiu metu juos valgyti"
Užsakomasis turinys,Sparčiai populiarėjanti naujiena – gazuotų gėrimų aparatas namuose
Užsienyje,Karas Ukrainoje. Ukrainos nacionalinės gvardijos vadas: rusai nuolat keičia savo taktiką
Tvari Lietuva,"Pasaulį alinant karščio bangoms, planetoje – dar vienas rekordas: jūros ledas Antarktidoje sumažėjo iki neregėto lygio"
Agro,Rusai neištvėrė – Karaliaučiaus parduotuvių lentynose lietuviškų maisto produktų kopijos
Lietuvoje,Lenkijos pareigūnas: „Wagner“ grupuotė yra didesnė už Lietuvos kariuomenę
Moterys,"Kaip greitai ir efektyviai sumažinti kaktos raukšles, kai ruošiatės svarbiausiai gyvenimo šventei"
Šeima,Dukrai patyrus sužalojimų Sotera Šveikauskaitė perspėja dėl parduotuvės vartelių: suglumino prekybos tinklo abejingumas
Vasara,Deivido kurta inovacija palengvino gyvenimą gyvūnų šeimininkams: planuojant atostogas ji tiesiog nepakeičiama
Veidai,Viktorijos Siegel kompanijoje – milijonierių pora: ilgai lauktas susitikimas su bičiuliais įvyko Monake
Užsienyje,Karas Ukrainoje. Zelenskis įspėjo apie rimtą grėsmę Ukrainai
Lietuvoje,Šiurpių Rusijos veiksmų išsigandusi moteris spruko į Lietuvą: priėmė beprotišką ir pavojingą sprendimą
Užsienyje,Žiniasklaida: slaptose Rusijos ir JAV derybose iškeltas pasiūlymas dėl Ukrainos
Sportas,Už įspūdingus rekordus ir medalius Meilutytė susižers milžinišką piniginę premiją
Moterys,"Maniakas baltu chalatu: svajonių jaunikis, žmonos lavoną saugiai paslėpęs vandenyno dugne"
Sveikata,"Pasaulyje pripažintas gydytojas siūlo kitokį požiūrį į sveikatą: vadovaukitės tuo, jei nenorite sunkių ligų"
Plius,Nepatogūs klausimai su Rolandu Mackevičiumi. Svečiuose – Ieva Voveris
Teisė,„Filmai.in“ administratoriui piratavimas atsipirko: valstybė jam grąžins 200 tūkst. eurų
Lietuvoje,Lenkijos pareigūnas: „Wagner“ grupuotė yra didesnė už Lietuvos kariuomenę
Vasara,Rugpjūčiui – nauja klimatologo prognozė: Lietuvą pasieks šilumos pliūpsnis
Lietuvoje,Iš Putino rėmėjo – visiškas absurdas: „sužibėjo“ pasisakymu apie Lietuvą
Lietuvoje,Teismas panaikino Bilotaitės skirtą papeikimą Pociui
Lietuvoje,"Gyventojai pakliuvo į neregėtą situaciją: dėl smarvės kvapas geriasi į drabužius, namus, net ir automobilius"
Lietuvoje,"VTEK teiks išaiškinimą, ar Kauno Etikos komisija galės pradėti tyrimą dėl Matijošaičio praėjus terminui"
Lietuvoje,Daugiau kaip 30 aktyvistų kreipėsi į advokatą Vėgėlę: ragina siekti prezidento posto
Lietuvoje,"VRM skųs teismo sprendimą, kuriuo panaikintas Pociui skirtas papeikimas"
Lietuvoje,Vyriausybė įsteigė gynybos atašė pavaduotojo pareigybę Lietuvos ambasadose Moldovoje ir Lenkijoje
Lietuvoje,"Karo ekspertai: Putinas turėjo vilčių, bet jo planas neišdegė"
Lietuvoje,"Po baisios nelaimės – naujos žinios: aiškėja, kaip dabar jaučiasi 9-metė Ugnė"
Lietuvoje,Vilniaus miesto apylinkės teismas atmetė dviejų vyrų prašymą įregistruoti jų santuoką
Lietuvoje,"Benkunskas: ieškoma būdų, kaip suteikti savivaldai daugiau kontrolės apsaugoti medžius"
Lietuvoje,"Vytautas Landsbergis viliasi, kad Medininkų tragedija bus tinkamai ištirta: tai yra Lietuvos byla"
Lietuvoje,"Perspėja dėl rimtos „Wagner“ grėsmės netoli Lietuvos: norima įtikinti, kad scenarijai yra kiti"
Lietuvoje,Šaltiniai: Anušausko paskelbta informacija yra riboto naudojimo
Lietuvoje,"Nausėda neatsako, ar vis dar pasitiki Anušausku: tikiuosi, ministras padarys reikiamas išvadas"
Lietuvoje,Už nepilnamečių tvirkinimą teisiamą Ulvidą į Lietuvą planuojama atvežti šią savaitę
Lietuvoje,Festivalio „Mėnuo Juodaragis“ organizatoriai gavo įspėjimą
Lietuvoje,Žiniasklaida: šešių su Kandrotu-Celofanu susijusių įmonių nesumokėtų mokesčių suma viršija 250 tūkst. eurų
Lietuvoje,Švietimo įstaigų vadovams – nemokamos magistrantūros studijos
Lietuvoje,"Šimonytė: Medininkų žudynės – to paties karo, kuris vyksta Ukrainoje, epizodas"
Lietuvoje,VSAT: per parą į Lietuvą neįleisti 22 neteisėti migrantai
Vasara,Sinoptikai skelbia naują prognozę: rugpjūčio pradžia turbūt nuliūdins
Lietuvoje,"Su dviem mažyliais atvykusią moterį šokiravo vaizdai Panevėžyje: man nesuprantama, kodėl tai vyksta"
Lietuvoje,Tris kartus mirties išvengęs vyras prakeikė okupantus: iš karininko – kraupus perspėjimas
Teisė,"Kaip apskaičiuojama senatvės pensija: teisininkai atskleidžia, ką reikia žinoti"
Melas,Ar aktorius Elijah Woodas ir boksininkas Mike'as Tysonas tikrai siūlė Zelenskiui gydytis priklausomybę nuo narkotikų?
Melas,Ar išties Putinas karą Ukrainoje norėjo nutraukti jau po mėnesio?
Iš dalies melas,Ar CŽA pavadino Stepaną Banderą Ukrainos fašistu ir profesionaliu Hitlerio agentu?
Melas,Ar tikrai vakcinose yra parazitų kiaušinėlių?
Melas,Ar tikrai COVID-19 vakcina visam laikui pažeidžia žmonių kraujagysles?
Melas,Ar tikrai vanduo iš parduotuvės sukelia vėžį?
Interaktyvu,"Ar Lenkijoje aptiktas rusiškas aliuminis įrodo, kad sankcijos neveikia?"
Iš dalies melas,Ar Bidenas slepia Kenedžio nužudymo bylos dokumentus?
Melas,Ar tikrai koronaviruso vakcinos gamintojo dukra staiga mirė po COVID-19 skiepo?
Interaktyvu,"Ar Ukraina legalizavo kanapes tam, kad greičiau įstotų į ES?"
Melas,"Ar tiesa, kad Billas Gatesas JAV sukėlė maliarijos protrūkį?"
Melas,Ar tikrai gydymas nuo vėžio kenkia planetai?
Panevėžys,Panevėžietė piktinasi dviračių taku: baisu juo ir važiuoti
Telšiai,Plungės „Bombėjui“ – 90 metų: nuo pražūties šį išskirtinį pastatą išgelbėjo vietinis dailininkas
Vilnius,Rekonstruos mokyklą prie buvusio Lukiškių kalėjimo – įrengs papildomą aukštą
